URL,Last crawled
https://www.homeglazer.com/how-to-figure-out-the-quality-of-paint-job-quality-finish,2026-04-11
https://homeglazer.com/media/products/PIS/Asian Paints/woodtech-melamyne.pdf,2026-04-02
https://homeglazer.com/media/products/PIS/Asian Paints/crack-nil-1a15.pdf,2026-04-02
"https://homeglazer.com/media/products/PIS/Asian 
Paints/apcolite-advanced-2-pack-epoxy-primer-grey.pdf",2026-04-02
"https://homeglazer.com/media/products/PIS/Asian 
Paints/woodtech-emporio-regal-pu-white.pdf",2026-04-02
"https://homeglazer.com/media/products/PIS/Asian 
Paints/woodtech-epoxy-insulator.pdf",2026-04-02
https://homeglazer.com/when-you-should-paint-your-house,2026-04-02
https://homeglazer.com/residential-painting?amp,2026-04-02
http://homeglazer.com/residential-painting/,2026-04-02
https://homeglazer.com/residential-painting,2026-04-02
"https://homeglazer.com/media/products/PIS/Asian 
Paints/woodtech-touchwood-1kpu-interior-shades.pdf",2026-04-01
"https://homeglazer.com/media/products/PIS/Asian 
Paints/decoprime-premium-metal-primer.pdf",2026-04-01
"https://homeglazer.com/media/products/PIS/Asian 
Paints/sparc-exterior-primer.pdf",2026-03-31
"https://homeglazer.com/media/products/PIS/Asian 
Paints/apcolite-insect-shield-enamel.pdf",2026-03-31
"https://homeglazer.com/media/products/PIS/Asian 
Paints/apcolite-advanced-2-pack-epoxy-finish.pdf",2026-03-31
https://homeglazer.com/types-of-paint-what-all-are-types-of-wall-paint/amp/,2026-03-30
https://homeglazer.com/blog/[slug],2026-03-30
https://www.homeglazer.com/why-should-office-get-paint-regularly/contact-us,2026-03-30
"https://homeglazer.com/media/products/PIS/Asian 
Paints/woodtech-pu-palette-interior.pdf",2026-03-30
https://www.homeglazer.com/7799559202.htm,2026-03-30
"https://homeglazer.com/media/products/PIS/Asian 
Paints/woodtech-aquadur-pu-exterior-matt.pdf",2026-03-30
"https://homeglazer.com/media/products/PIS/Asian 
Paints/trucare-red-oxide-metal-primer.pdf",2026-03-30
"https://homeglazer.com/media/products/PIS/Asian 
Paints/woodtech-emporio-pu-palette.pdf",2026-03-30
https://homeglazer.com/what-is-primer-why-primer-is-important-use-of-primer,2026-03-29
"https://homeglazer.com/media/products/PIS/Asian Paints/Paint/Interior 
Paint/Luxury/Royale-Matt-Luxury-Emulsion.pdf",2026-03-29
"https://homeglazer.com/media/products/PIS/Asian 
Paints/damp-proof-advance.pdf",2026-03-29
"https://homeglazer.com/media/products/PIS/Asian 
Paints/woodtech-touchwood-interior-and-exterior-1kpu.pdf",2026-03-29
https://homeglazer.com/media/products/PIS/Asian Paints/repairmax-200.pdf,2026-03-29
"https://homeglazer.com/media/products/PIS/Asian 
Paints/woodtech-termishield.pdf",2026-03-29
"https://homeglazer.com/media/products/PIS/Asian Paints/Paint/Exterior 
Paint/Texture/apex-createx-scratch-finish-pis.pdf",2026-03-29
https://homeglazer.com/comments/feed,2026-03-29
https://homeglazer.com/blog/5-asian-paint-stucco-marble-texture-paint-best-features,2026-03-29
"https://homeglazer.com/media/products/PIS/Asian 
Paints/woodtech-emporio-pu-black.pdf",2026-03-29
https://homeglazer.com/media/products/PIS/Asian Paints/stone-sealer.pdf,2026-03-29
https://homeglazer.com/blog/sirca-paints-acquired-oikos-paints,2026-03-29
"https://homeglazer.com/media/products/PIS/Asian 
Paints/smartcare-high-performance-red-oxide-metal-primer.pdf",2026-03-29
"https://homeglazer.com/media/products/PIS/Asian 
Paints/trucare-yellow-metal-primer.pdf",2026-03-29
https://homeglazer.com/contact/general.shtml,2026-03-29
"https://homeglazer.com/media/products/PIS/Asian 
Paints/smartcare-roof-tapes.pdf",2026-03-29
"https://homeglazer.com/media/products/PIS/Asian 
Paints/trucare-grey-1-pack-epoxy-primer.pdf",2026-03-29
"https://homeglazer.com/media/products/PIS/Asian 
Paints/apcolite-aluminium-paint.pdf",2026-03-29
"https://homeglazer.com/media/products/PIS/Asian 
Paints/woodtech-aquadur-2k-pu-parquet.pdf",2026-03-29
https://homeglazer.com/info/privacy.shtml,2026-03-28
https://www.homeglazer.com/4037617770.htm,2026-03-28
"https://homeglazer.com/media/products/PIS/Asian 
Paints/marvelloplast-super-500-1a16.pdf",2026-03-28
"https://homeglazer.com/media/products/PIS/Asian 
Paints/3-mangoes-aluminium-paint.pdf",2026-03-28
"https://homeglazer.com/media/products/PIS/Asian 
Paints/woodtech-pu-palette-exterior.pdf",2026-03-28
"https://homeglazer.com/media/products/PIS/Asian 
Paints/woodtech-emporio-pu-clear.pdf",2026-03-28
"https://homeglazer.com/media/products/PIS/Asian 
Paints/sparc-interior-primer.pdf",2026-03-28
"https://homeglazer.com/media/products/PIS/Asian 
Paints/woodtech-pu-luxury-wood-finish-for-exterior.pdf",2026-03-28
https://homeglazer.com/painting-and-wood-coating-blog/14,2026-03-28
https://homeglazer.com/media/products/PIS/Asian Paints/trugrip-xtreme.pdf,2026-03-28
"https://homeglazer.com/media/products/PIS/Asian 
Paints/smartcare-crack-seal.pdf",2026-03-28
"https://homeglazer.com/media/products/PIS/Asian 
Paints/woodtech-melamyne-gold-clear.pdf",2026-03-28
"https://homeglazer.com/media/products/PIS/Asian Paints/Paint/Interior 
Paint/Texture/royale-play-metallics.pdf",2026-03-28
https://homeglazer.com/media/products/PIS/Asian Paints/akrylmax-prime.pdf,2026-03-28
"https://homeglazer.com/media/products/PIS/Asian 
Paints/apcolite-premium-satin-enamel.pdf",2026-03-27
https://homeglazer.com/media/products/PIS/Asian Paints/xtremoseal-gp.pdf,2026-03-27
"https://homeglazer.com/media/products/PIS/Asian 
Paints/apcolite-clear-synthetic-varnish.pdf",2026-03-27
"https://homeglazer.com/media/products/PIS/Asian 
Paints/woodtech-emporio-regal-pu-clear.pdf",2026-03-27
"https://homeglazer.com/media/products/PIS/Asian 
Paints/3-mangoes-black-board-paint.pdf",2026-03-27
"https://homeglazer.com/media/products/PIS/Asian 
Paints/woodtech-aquadur-pu-interior-gloss.pdf",2026-03-27
"https://homeglazer.com/media/products/PIS/Asian Paints/Paint/Interior 
Paint/Texture/royale-play-special-effects.pdf",2026-03-27
"https://homeglazer.com/media/products/PIS/Asian Paints/Paint/Exterior 
Paint/Economy/ace-sparc-new.pdf",2026-03-27
"https://homeglazer.com/media/products/PIS/Asian 
Paints/woodtech-aquadur-pu-exterior-gloss.pdf",2026-03-27
"https://homeglazer.com/media/products/PIS/Asian 
Paints/tractor-sparc-enamel.pdf",2026-03-27
"https://homeglazer.com/media/products/PIS/Asian 
Paints/woodtech-insignia-classic-series.pdf",2026-03-27
"https://homeglazer.com/media/products/PIS/Asian 
Paints/woodtech-insignia-river-resin.pdf",2026-03-27
https://www.homeglazer.com/what-is-the-best-time-to-paint-your-house-skilled-painters-in-delhi/,2026-03-27
"https://homeglazer.com/media/products/PIS/Asian 
Paints/royale-wall-base-coat.pdf",2026-03-26
"https://homeglazer.com/media/products/PIS/Asian 
Paints/smartcare-infinia-6a52.pdf",2026-03-26
"https://homeglazer.com/media/products/PIS/Asian 
Paints/smartcare-textured-crackfiller.pdf",2026-03-26
https://www.homeglazer.com/effects-of-covid-19-on-painting-business-interior-designing-business,2026-03-24
https://homeglazer.com/painting-and-wood-coating-blog/12,2026-03-24
https://homeglazer.com/painting-and-wood-coating-blog/9,2026-03-24
https://www.homeglazer.com/some-common-interior-painting-mistakes,2026-03-23
https://homeglazer.com/painting-and-wood-coating-blog/15,2026-03-23
https://homeglazer.com/difference-between-duco-paint-and-pu-paint/.html,2026-03-22
https://www.homeglazer.com/power-of-perception-unraveling-the-secrets,2026-03-22
https://www.homeglazer.com/painting-and-wood-coating-blog/3,2026-03-21
https://www.homeglazer.com/advantages-of-graffiti-painting-for-bars-cafe-restaurants-graffiti-artist/1000,2026-03-21
http://www.homeglazer.com/commercial-painting/,2026-03-21
https://homeglazer.com/painting-and-wood-coating-blog/3,2026-03-21
https://www.homeglazer.com/faq/index.html,2026-03-21
https://homeglazer.com/advantages-of-graffiti-painting-for-bars-cafe-restaurants,2026-03-20
https://www.homeglazer.com/77995119735.htm,2026-03-19
https://www.homeglazer.com/terms-conditions,2026-03-19
https://homeglazer.com/privacy/,2026-03-19
https://www.homeglazer.com/painting-and-wood-coating-blog/4,2026-03-18
https://www.homeglazer.com/exterior-painting-services-in-delhi-ncr/contact-us,2026-03-18
https://www.homeglazer.com/painting-and-wood-coating-blog/8,2026-03-18
https://www.homeglazer.com/advantages-of-graffiti-painting-for-kids-room,2026-03-18
https://homeglazer.com/painting-tips-for-a-pet-friendly-home,2026-03-17
https://www.homeglazer.com/painting-your-business-space,2026-03-17
https://www.homeglazer.com/what-is-the-best-time-to-paint-your-office-office-painting-time,2026-03-17
https://homeglazer.com/4037624947.htm,2026-03-16
https://www.homeglazer.com/difference-between-gloss-enamel-paint-and-satin-enamel-paint/,2026-03-16
https://homeglazer.com/commercial-painting/,2026-03-16
"https://homeglazer.com/media/products/PIS/Asian 
Paints/smartcare-akrylmax.pdf",2026-03-15
https://www.homeglazer.com/77995167416.htm,2026-03-14
https://www.homeglazer.com/painting-and-wood-coating-blog/6,2026-03-14
https://www.homeglazer.com/difference-between-melamine-polish-and-pu-polish-melamine-vs-pu/1000,2026-03-14
https://www.homeglazer.com/wp-login.php?redirect_to=https://www.homeglazer.com/wp-admin/post.php?1010040203.htm&reauth=1,2026-03-14
https://www.homeglazer.com/painting-and-wood-coating-blog/7,2026-03-13
https://www.homeglazer.com/10-important-tips-to-pick-the-right-colours-for-your-new-home,2026-03-13
https://www.homeglazer.com/blog/[slug],2026-03-13
https://www.homeglazer.com/essential-painting-tips-for-diy-enthusiasts,2026-03-13
https://homeglazer.com/93050251170.htm,2026-03-12
https://www.homeglazer.com/about-us/,2026-03-12
https://www.homeglazer.com/5-signs-of-a-good-painter-home-glazers-painters,2026-03-12
https://www.homeglazer.com/6-way-oikos-texture-paint-can-upgrade-interior,2026-03-12
https://homeglazer.com/how-to-restore-wooden-furniture/,2026-03-12
https://homeglazer.com/painting-and-wood-coating-blog/13,2026-03-12
https://homeglazer.com/best-colour-combinations-for-office-spaces/?nonamp=1,2026-03-12
https://homeglazer.com/1714355927.htm,2026-03-12
https://www.homeglazer.com/common-painting-mistakes-while-painting-your-home,2026-03-11
https://www.homeglazer.com/how-to-choose-the-right-colour-while-painting-your-home,2026-03-11
https://homeglazer.com/38717243353.htm,2026-03-11
https://www.homeglazer.com/painting-contractor-in-delhi-painters-in-delhi,2026-03-11
https://www.homeglazer.com/vastu-colours-colours-for-a-home-based-on-vastu-shastra,2026-03-11
https://www.homeglazer.com/painting-and-wood-coating-blog,2026-03-11
https://homeglazer.com/6-trending-texture-design-for-living-room,2026-03-11
https://homeglazer.com/3871764622.htm,2026-03-11
https://homeglazer.com/exterior-painting/,2026-03-10
http://homeglazer.com/best-colour-combinations-for-office-spaces,2026-03-10
https://homeglazer.com/wow-per-day/,2026-03-09
https://www.homeglazer.com/wood-coating,2026-03-09
https://www.homeglazer.com/wood-coating/?nonamp=1,2026-03-09
https://www.homeglazer.com/wow-per-day/faq,2026-03-09
https://www.homeglazer.com/graffiti/faq,2026-03-09
https://homeglazer.com/colour-visualiser/basic/dulux/Oranges/gas-flame-/rockstar-yellow-2951720,2026-03-08
https://www.homeglazer.com/painting-and-wood-coating-blog/12,2026-03-07
https://homeglazer.com/how-to-choose-the-right-colour-while-painting-your-home,2026-03-07
https://homeglazer.com/terms-conditions,2026-03-07
https://homeglazer.com/17143187824.htm,2026-03-07
https://homeglazer.com/38717166341.htm,2026-03-07
https://homeglazer.com/5869318524.htm,2026-03-07
https://homeglazer.com/40376223033.htm,2026-03-07
https://homeglazer.com/6343234032.htm,2026-03-07
https://www.homeglazer.com/wow-per-day/contact-us,2026-03-06
https://homeglazer.com/634323893.htm,2026-03-06
https://homeglazer.com/colour-visualiser/basic/dulux/Yellows/olive-walls/eternal-earth-2951727,2026-03-06
https://homeglazer.com/58693149889.htm,2026-03-06
https://homeglazer.com/5869335215.htm,2026-03-06
https://homeglazer.com/58693282581.htm,2026-03-06
https://www.homeglazer.com/40376119302.htm,2026-03-06
https://homeglazer.com/38717209964.htm,2026-03-06
https://homeglazer.com/40376115804.htm,2026-03-06
https://www.homeglazer.com/lp/promotion/ad.shtml,2026-03-06
https://www.homeglazer.com/commercial-painting,2026-03-05
https://homeglazer.com/painting-and-wood-coating-blog,2026-03-05
https://homeglazer.com/9305040732.htm,2026-03-05
https://www.homeglazer.com/40376239392.htm,2026-03-05
https://homeglazer.com/power-of-perception-unraveling-the-secrets,2026-03-05
https://www.homeglazer.com/40376239648.htm,2026-03-05
http://homeglazer.com/how-to-restore-wooden-furniture/,2026-03-05
https://www.homeglazer.com/38717136152.htm,2026-03-05
https://www.homeglazer.com/4037627933.htm,2026-03-04
https://homeglazer.com/best-colour-combination-for-kids-room/,2026-03-04
https://www.homeglazer.com/blog/sirca-paints-acquired-oikos-paints,2026-03-04
https://www.homeglazer.com/17143250113.htm,2026-03-04
https://www.homeglazer.com/38717252298.htm,2026-03-04
https://www.homeglazer.com/5-ways-to-find-a-good-wood-polisher-skilled-polisher/,2026-03-04
https://homeglazer.com/effects-of-covid-19-on-painting-business-interior-designing-business,2026-03-04
https://www.homeglazer.com/effects-of-covid-19-on-painting-business-interior-designing-business/,2026-03-04
https://homeglazer.com/3871748937.htm,2026-03-04
https://www.homeglazer.com/40376115299.htm,2026-03-04
https://www.homeglazer.com/trending-colours-for-office-painting,2026-03-04
https://www.homeglazer.com/40376115236.htm,2026-03-04
https://www.homeglazer.com/graffiti-painting/,2026-03-04
https://www.homeglazer.com/40376135151.htm,2026-03-04
https://homeglazer.com/63432197571.htm,2026-03-04
https://homeglazer.com/52192253610.htm,2026-03-04
https://homeglazer.com/52192218326.htm,2026-03-04
https://homeglazer.com/8555527944.htm,2026-03-04
https://www.homeglazer.com/77995118721.htm,2026-03-04
https://www.homeglazer.com/power-of-perception-psychology-of-colour-in-commercial-space,2026-03-04
https://www.homeglazer.com/17143257969.htm,2026-03-04
https://www.homeglazer.com/painting-and-wood-coating-blog/3/,2026-03-04
https://www.homeglazer.com/4037687787.htm,2026-03-04
https://www.homeglazer.com/blog/5-asian-paint-stucco-marble-texture-paint-best-features,2026-03-04
https://www.homeglazer.com/77995225921.htm,2026-03-04
https://www.homeglazer.com/about-us,2026-03-04
https://www.homeglazer.com/wp-login.php?redirect_to=https://www.homeglazer.com/wp-admin/post.php?8555527453.htm&reauth=1,2026-03-04
https://www.homeglazer.com/how-graffiti-painting-can-be-useful-for-your-office-graffiti-service/,2026-03-04
https://www.homeglazer.com/40376213861.htm,2026-03-03
https://www.homeglazer.com/services/painting/exterior-painting,2026-03-03
https://www.homeglazer.com/93050110869.htm,2026-03-03
https://www.homeglazer.com/faq/faq,2026-03-03
https://www.homeglazer.com/38717120937.htm,2026-03-03
https://homeglazer.com/professional-painting-process-the-method/,2026-03-03
https://homeglazer.com/5869310830.htm,2026-03-03
https://www.homeglazer.com/blog/faq,2026-03-03
https://www.homeglazer.com/4037610188.htm,2026-03-02
https://www.homeglazer.com/77995256739.htm,2026-03-02
https://www.homeglazer.com/5-signs-of-a-good-painter-home-glazers-painters/,2026-03-02
https://homeglazer.com/58693227853.htm,2026-03-02
https://homeglazer.com/terms-conditions/,2026-03-02
https://www.homeglazer.com/9305030618.htm,2026-03-02
https://www.homeglazer.com/93050132365.htm,2026-03-02
https://homeglazer.com/40376162355.htm,2026-03-02
https://homeglazer.com/63432203828.htm,2026-03-02
https://homeglazer.com/93050214231.htm,2026-03-02
https://homeglazer.com/5869336788.htm,2026-03-02
https://homeglazer.com/93050109527.htm,2026-03-02
https://homeglazer.com/58693162988.htm,2026-03-02
https://homeglazer.com/6343224472.htm,2026-03-02
https://homeglazer.com/58693212756.htm,2026-03-02
https://homeglazer.com/1714329886.htm,2026-03-02
https://homeglazer.com/58693171789.htm,2026-03-02
https://www.homeglazer.com/10-important-tips-to-pick-the-right-colour-for-your-new-home,2026-03-02
https://homeglazer.com/what-is-the-best-time-to-paint-your-office-office-painting-time/?nonamp=1,2026-03-02
https://www.homeglazer.com/what-is-the-best-time-to-paint-your-office-office-painting-time/?nonamp=1,2026-03-02
https://www.homeglazer.com/what-is-the-best-time-to-paint-your-office-office-painting-time?nonamp=1,2026-03-02
https://homeglazer.com/63432216949.htm,2026-03-02
https://www.homeglazer.com/40376127219.htm,2026-03-02
https://www.homeglazer.com/77995249189.htm,2026-03-02
https://www.homeglazer.com/what-is-the-best-time-to-paint-your-office-office-painting-time/feed/,2026-03-02
https://www.homeglazer.com/discover-enduring-colours-for-timeless-homes-with-home-glazer,2026-03-02
https://www.homeglazer.com/38717159106.htm,2026-03-02
https://homeglazer.com/10100177017.htm,2026-03-02
https://www.homeglazer.com/advantages-of-graffiti-painting-for-kids-room/,2026-03-02
https://www.homeglazer.com/9305053854.htm,2026-03-02
https://www.homeglazer.com/17143164779.htm,2026-03-02
https://www.homeglazer.com/38717166789.htm,2026-03-02
https://www.homeglazer.com/17143242274.htm,2026-03-02
https://www.homeglazer.com/77995294776.htm,2026-03-02
https://www.homeglazer.com/support,2026-03-02
https://homeglazer.com/77995257730.htm,2026-03-02
https://homeglazer.com/how-to-use-a-paintbrush-painting-brush,2026-03-02
https://homeglazer.com/how-to-use-a-paintbrush-painting-brush/,2026-03-02
https://homeglazer.com/17143288288.htm,2026-03-02
https://www.homeglazer.com/services/painting/interior-painting,2026-03-02
https://www.homeglazer.com/4037664360.htm,2026-03-02
https://www.homeglazer.com/40376111407.htm,2026-03-02
https://www.homeglazer.com/9305038354.htm,2026-03-02
https://homeglazer.com/40376268530.htm,2026-03-02
https://www.homeglazer.com/10100300505.htm,2026-03-02
https://www.homeglazer.com/10100224815.htm,2026-03-02
https://www.homeglazer.com/93050284866.htm,2026-03-02
https://www.homeglazer.com/17143281664.htm,2026-03-01
https://www.homeglazer.com/38717283874.htm,2026-03-01
https://www.homeglazer.com/best-time-and-tips-to-plan-for-painting-a-business-space-while-running-it,2026-03-01
"https://homeglazer.com/media/products/PIS/Asian 
Paints/Paint/Putty/0079-new-TruCare-wall-putty.pdf",2026-03-01
https://homeglazer.com/services/painting/interior-painting,2026-03-01
https://homeglazer.com/services/painting/exterior-painting,2026-03-01
https://homeglazer.com/advantages-of-graffiti-painting-for-kids-room/,2026-03-01
https://www.homeglazer.com/difference-between-apcolite-premium-emulsion-and-royale-luxury-emulsion/1000,2026-03-01
https://homeglazer.com/category/paint-product/page/2,2026-03-01
https://www.homeglazer.com/dulux-supercover-ultra-vs-dulux-supercover-premium-emulsion,2026-03-01
https://homeglazer.com/painting-and-wood-coating-blog/6,2026-03-01
https://homeglazer.com/painting-and-wood-coating-blog/8,2026-03-01
https://www.homeglazer.com/40376103505.htm,2026-03-01
https://www.homeglazer.com/category/interior-painting/,2026-03-01
https://www.homeglazer.com/tag/apcolite-premium-emulsion,2026-03-01
https://homeglazer.com/category/decor-idea/page/2?nonamp=1,2026-03-01
"https://homeglazer.com/media/products/PIS/Asian 
Paints/Paint/Putty/trucare-2x-primer-putty-mix.pdf",2026-03-01
https://www.homeglazer.com/tag/best-time-for-house-painting,2026-03-01
https://www.homeglazer.com/category/wood-coating/page/2?amp,2026-03-01
https://homeglazer.com/category/decor-idea/page/3?nonamp=1,2026-03-01
https://homeglazer.com/category/decor-idea/page/2?amp,2026-03-01
"https://homeglazer.com/media/products/PIS/Asian Paints/Paint/Interior 
Paint/Premium/Apcolite-All-Protek-Matt.pdf",2026-03-01
https://homeglazer.com/category/wood-coating/page/2?amp,2026-03-01
"https://homeglazer.com/media/products/PIS/Asian Paints/Paint/Exterior 
Paint/Texture/apex-createx-roller-finish.pdf",2026-02-28
https://homeglazer.com/wallpaper-painting,2026-02-28
https://homeglazer.com/how-to-find-good-painting-contractor-in-delhi-for-house-painting/,2026-02-28
https://www.homeglazer.com/painting-contractor-in-delhi-painters-in-delhi/,2026-02-28
http://homeglazer.com/best-colour-combinations-for-office-spaces/?nonamp=1,2026-02-28
https://www.homeglazer.com/painting-your-business-space?nonamp=1,2026-02-28
https://www.homeglazer.com/category/commercial-office-painting/page/2/?nonamp=1,2026-02-28
https://www.homeglazer.com/paint-your-home-or-business-space-during-lockdown-epidemic-covid19/,2026-02-28
https://www.homeglazer.com/category/wood-coating/page/3?amp,2026-02-28
https://homeglazer.com/amp/,2026-02-28
https://www.homeglazer.com/tag/kitchen-colour-combination/,2026-02-28
https://www.homeglazer.com/tag/pigmented-paint/feed,2026-02-28
https://www.homeglazer.com/category/texture-paint/,2026-02-28
https://www.homeglazer.com/best-time-for-painting-a-business-space-without-disturbance,2026-02-28
https://homeglazer.com/category/interior-painting/feed,2026-02-28
https://www.homeglazer.com/tag/paint-job-quality,2026-02-28
https://www.homeglazer.com/some-common-interior-painting-mistakes-tips-to-avoid-them,2026-02-28
https://www.homeglazer.com/category/decor-idea/page/3/?amp,2026-02-28
https://homeglazer.com/category/interior-painting/page/2?nonamp=1,2026-02-28
"https://homeglazer.com/media/products/PIS/Asian Paints/Paint/Exterior 
Paint/Texture/apex-duracast-roughtex.pdf",2026-02-28
https://homeglazer.com/vastu-colours-colours-for-a-home-based-on-vastu-shastra,2026-02-28
https://www.homeglazer.com/tag/colour-combination-for-exterior-walls,2026-02-28
https://www.homeglazer.com/tag/wooden-surface,2026-02-28
https://www.homeglazer.com/tag/wooden-surface/,2026-02-28
https://homeglazer.com/category/decor-idea/page/3?amp,2026-02-28
https://www.homeglazer.com/7-key-reasons-why-luxury-wall-paint-is-essential-in-luxury-homes,2026-02-28
https://homeglazer.com/10-important-tips-to-pick-the-right-colours-for-your-new-home,2026-02-28
https://homeglazer.com/painting-your-business-space,2026-02-27
https://homeglazer.com/category/paint-industry-news/,2026-02-27
https://homeglazer.com/category/decor-idea/page/4/,2026-02-27
https://homeglazer.com/advantages-of-graffiti-painting-for-kids-room,2026-02-27
https://homeglazer.com/painting-and-wood-coating-blog/4,2026-02-27
"https://homeglazer.com/media/products/PIS/Asian Paints/Paint/Interior 
Paint/Texture/5497_Calcecruda-PIS.pdf",2026-02-27
https://homeglazer.com/tag/6-best-ways-oikos-texture-paint-can-upgrade-your-interior,2026-02-27
https://homeglazer.com/products/[brand]/[slug],2026-02-27
https://www.homeglazer.com/painting-your-house-is-an-investment-not-an-expense/,2026-02-27
http://homeglazer.com/wow-per-day/,2026-02-27
"https://homeglazer.com/media/products/PIS/Asian Paints/Wood 
Finishes/WoodTech-Epoxy-Insulator-Neo-6894.pdf",2026-02-27
"https://homeglazer.com/media/products/PIS/Asian 
Paints/Paint/Putty/trucare-acrylic-wall-putty.pdf",2026-02-27
"https://homeglazer.com/media/products/PIS/Asian 
Paints/Paint/Putty/trucare-knifing-paste-filler.pdf",2026-02-27
"https://homeglazer.com/media/products/PIS/Asian Paints/Paint/Exterior 
Paint/Premium/apextileguard-Clear-new-pis.pdf",2026-02-27
"https://homeglazer.com/media/products/PIS/Asian 
Paints/Paint/Putty/trucare-filling-putty.pdf",2026-02-27
"https://homeglazer.com/media/products/PIS/Asian 
Paints/Paint/Putty/putty-boost.pdf",2026-02-27
https://homeglazer.com/products/b247de58237c86efabf95cd4/apcolite-all-protek-shyne,2026-02-27
https://homeglazer.com/products/b247de58237c86efabf95cd4/tractor-emulsion-advance,2026-02-27
https://homeglazer.com/products/b247de58237c86efabf95cd4/tractor-emulsion,2026-02-27
https://homeglazer.com/products/b247de58237c86efabf95cd4/tractor-emulsion-sparc-advance,2026-02-27
https://homeglazer.com/products/b247de58237c86efabf95cd4/smartcare-waterproofing-putty,2026-02-27
https://homeglazer.com/products/b247de58237c86efabf95cd4/trucare-filling-putty,2026-02-27
https://homeglazer.com/products/b247de58237c86efabf95cd4/trucare-wall-putty,2026-02-27
https://homeglazer.com/products/b247de58237c86efabf95cd4/apex-ultima-allura-clara,2026-02-27
https://www.homeglazer.com/wow-one-day/privacy-policy,2026-02-27
"https://homeglazer.com/media/products/PIS/Asian Paints/Paint/Interior 
Paint/Premium/Apcolite-Advanced-shyne-PIS.pdf",2026-02-27
https://homeglazer.com/products/b247de58237c86efabf95cd4/putty-boost,2026-02-27
https://www.homeglazer.com/category/decor-idea/page/3?amp,2026-02-27
https://homeglazer.com/tag/pu-polish/feed,2026-02-27
https://homeglazer.com/products/b247de58237c86efabf95cd4/tractor-emulsion-shyne,2026-02-27
https://homeglazer.com/painting-contractor-in-delhi-painters-in-delhi/,2026-02-27
https://homeglazer.com/products/b247de58237c86efabf95cd4/trucare-2x-primer-putty-mix,2026-02-27
https://homeglazer.com/category/interior-painting,2026-02-27
"https://homeglazer.com/media/products/PIS/Asian Paints/Paint/Exterior 
Paint/Economy/ace-shyne-advanced.pdf",2026-02-27
"https://homeglazer.com/media/products/PIS/Asian Paints/Paint/Exterior 
Paint/Texture/pis_apex-ultima-allura-meraki-aeris.pdf",2026-02-26
"https://homeglazer.com/media/products/PIS/Asian Paints/Paint/Interior 
Paint/Economy/Tractor-Emulsion-Advanced-PIS.pdf",2026-02-26
"https://homeglazer.com/media/products/PIS/Asian Paints/Paint/Exterior 
Paint/Texture/ultima-allura-clara.pdf",2026-02-26
"https://homeglazer.com/media/products/PIS/Asian Paints/Paint/Interior 
Paint/Ultra Luxury/Revised-Nilaya-Arc-Pearlescent-PIS.pdf",2026-02-26
"https://homeglazer.com/media/products/PIS/Asian Paints/Paint/Exterior 
Paint/Texture/apex-ultima-allura-torino.pdf",2026-02-26
"https://homeglazer.com/media/products/PIS/Asian Paints/Paint/Interior 
Paint/Economy/Tractor-Emulsion-Shyne-PIS.pdf",2026-02-26
https://www.homeglazer.com/category/wood-coating/page/2/,2026-02-26
"https://homeglazer.com/media/products/PIS/Asian Paints/Paint/Exterior 
Paint/Economy/ace-sparc-advance-new.pdf",2026-02-26
"https://homeglazer.com/media/products/PIS/Asian Paints/Paint/Exterior 
Paint/Texture/pis_apex-ultima-allura-concordia-granizia.pdf",2026-02-26
"https://homeglazer.com/media/products/PIS/Asian Paints/Paint/Exterior 
Paint/Ultima/AP_Apex_Ultima_Protek_Duralife_PIS.pdf",2026-02-26
"https://homeglazer.com/media/products/PIS/Asian Paints/Paint/Exterior 
Paint/Ultima/AP_Apex_Ultima_Stretch_PIS.pdf",2026-02-26
"https://homeglazer.com/media/products/PIS/Asian Paints/Wood 
Finishes/WoodTech-Polyester-VFM-6778.pdf",2026-02-26
"https://homeglazer.com/media/products/PIS/Asian Paints/Paint/Interior 
Paint/Texture/royale-play-stucco.pdf",2026-02-26
"https://homeglazer.com/media/products/PIS/Asian Paints/Paint/Exterior 
Paint/Economy/ace-advanced.pdf",2026-02-26
"https://homeglazer.com/media/products/PIS/Asian Paints/Paint/Interior 
Paint/Luxury/Royale-Aspira-PIS.pdf",2026-02-26
"https://homeglazer.com/media/products/PIS/Asian Paints/Paint/Exterior 
Paint/Ultima/AP_Apex_Ultima_PIS.pdf",2026-02-26
"https://homeglazer.com/media/products/PIS/Asian Paints/Paint/Interior 
Paint/Premium/Apcolite-All-Protek-Shyne.pdf",2026-02-26
https://homeglazer.com/products/b247de58237c86efabf95cd4/asian-paints-woodtech-polyester-gold,2026-02-26
https://homeglazer.com/kids-room-painting,2026-02-26
https://homeglazer.com/products/b247de58237c86efabf95cd4/smartcare-repair-polymer,2026-02-26
https://homeglazer.com/products/b247de58237c86efabf95cd4/tractor-emulsion-sparc,2026-02-26
https://homeglazer.com/products/b247de58237c86efabf95cd4/smartcare-epoxy-triblock,2026-02-26
https://homeglazer.com/services/wood,2026-02-26
https://www.homeglazer.com/best-time-for-painting-a-business-space-without-disturbance/,2026-02-26
https://homeglazer.com/how-to-choose-the-right-colour-while-painting-your-home/?nonamp=1,2026-02-26
https://homeglazer.com/how-to-choose-the-right-colour-while-painting-your-home?nonamp=1,2026-02-26
https://www.homeglazer.com/how-to-choose-the-right-colour-while-painting-your-home?nonamp=1,2026-02-26
https://homeglazer.com/exterior-painting,2026-02-26
http://www.homeglazer.com/category/decor-idea/page/2,2026-02-26
https://www.homeglazer.com/how-to-choose-the-right-colour-while-painting-your-home/,2026-02-26
https://www.homeglazer.com/what-is-the-best-time-to-paint-your-house-professional-painters-near-me,2026-02-26
https://homeglazer.com/category/wood-coating/page/2,2026-02-26
https://www.homeglazer.com/local-unskilled-painters-vs-home-glazer-professional-painting-services,2026-02-26
https://homeglazer.com/how-to-choose-the-right-colour-while-painting-your-home/,2026-02-26
https://www.homeglazer.com/graffiti/contact-us,2026-02-26
https://homeglazer.com/best-time-for-painting-a-business-space-without-disturbance,2026-02-26
https://homeglazer.com/category/wood-polishing/page/2,2026-02-26
https://homeglazer.com/category/painting-tools,2026-02-26
https://homeglazer.com/category/painting-tools/,2026-02-26
https://www.homeglazer.com/similarities-differences-between-duco-paint-and-pu-paint-duco-vs-pu-paints/,2026-02-26
https://www.homeglazer.com/carpentry,2026-02-26
https://homeglazer.com/how-to-restore-wooden-furniture,2026-02-26
https://www.homeglazer.com/5-wood-stain-features-make-your-home,2026-02-26
https://www.homeglazer.com/contact-us/contact-us,2026-02-26
https://www.homeglazer.com/painting-your-house-is-an-investment-not-an-expense,2026-02-26
https://www.homeglazer.com/tag/melamine-resing,2026-02-26
https://homeglazer.com/how-to-paint-or-repaint-a-room-painting-a-room-house/,2026-02-26
https://www.homeglazer.com/6-charmwood-pu-featuress-that-make-it-attractive,2026-02-26
https://homeglazer.com/best-colour-combinations-for-office-spaces?nonamp=1,2026-02-26
https://homeglazer.com/oikos-paints-acquired-by-sirica-paints,2026-02-26
https://www.homeglazer.com/tag/new-painting/,2026-02-26
https://homeglazer.com/category/paint-tips-and-tricks/page/2,2026-02-26
https://www.homeglazer.com/why-should-office-get-paint-regularly/,2026-02-26
https://www.homeglazer.com/tag/ica-pu-polish,2026-02-26
https://www.homeglazer.com/tag/painters,2026-02-26
https://www.homeglazer.com/category/decor-idea/feed,2026-02-25
https://homeglazer.com/category/wood-polish/page/1,2026-02-25
https://www.homeglazer.com/tag/distemper-paint-benefits,2026-02-25
https://www.homeglazer.com/tag/polyester-polish-polish,2026-02-25
http://homeglazer.com/commercial-painting/,2026-02-25
https://www.homeglazer.com/what-is-duco-paint-what-is-duco-paint-coating-process-duco-application-painting/1000,2026-02-25
https://homeglazer.com/85555162383.htm,2026-02-25
https://www.homeglazer.com/tag/painter,2026-02-25
https://www.homeglazer.com/advantages-of-pu-polish-over-melamine-polish-other-wood-polishes,2026-02-25
https://homeglazer.com/1010037930.htm,2026-02-25
https://homeglazer.com/38717208983.htm,2026-02-25
https://homeglazer.com/63432113548.htm,2026-02-25
https://www.homeglazer.com/faq/privacy-policy,2026-02-25
https://homeglazer.com/best-colour-combination-for-kitchen-walls-and-cabinets,2026-02-25
https://homeglazer.com/7799535612.htm,2026-02-25
https://homeglazer.com/5-signs-of-a-good-painter-home-glazers-painters,2026-02-25
https://www.homeglazer.com/what-are-the-different-types-of-polish-finishes-for-wood/,2026-02-25
https://homeglazer.com/category/commercial-office-painting/page/1/,2026-02-25
https://www.homeglazer.com/category/paint-tips-and-tricks/,2026-02-25
https://www.homeglazer.com/know-about-plastic,2026-02-25
https://homeglazer.com/38717133155.htm,2026-02-25
https://www.homeglazer.com/similarities-differences-between-duco-paint-and-pu-paint-duco-vs-pu-paints,2026-02-25
https://www.homeglazer.com/wood-polishing-services/1000,2026-02-25
https://www.homeglazer.com/9305085093.htm,2026-02-25
https://homeglazer.com/category/commercial-office-painting/page/1,2026-02-25
https://homeglazer.com/38717138794.htm,2026-02-25
https://www.homeglazer.com/difference-between-distemper-paint-and-tractor-emulsion-paint-price-and-types,2026-02-25
https://www.homeglazer.com/tag/new-painting/feed,2026-02-25
https://www.homeglazer.com/painting-and-wood-coating-blog/,2026-02-24
https://homeglazer.com/52192221657.htm,2026-02-24
https://www.homeglazer.com/which-shade,2026-02-24
https://homeglazer.com/when-you-should-paint-your-office-painters-in-delhi,2026-02-24
https://homeglazer.com/52192152583.htm,2026-02-24
https://homeglazer.com/85555265842.htm,2026-02-24
http://homeglazer.com/things-to-avoid-while-painting-your-home/,2026-02-24
"https://homeglazer.com/media/products/PIS/Asian Paints/Paint/Exterior 
Paint/Ultima/AP_Apex_Ultima_Protek_Advanced_PIS.pdf",2026-02-24
"https://homeglazer.com/media/products/PIS/Asian Paints/Paint/Interior 
Paint/Luxury/Royale-Shyne-Luxury-Emulsion.pdf",2026-02-24
"https://homeglazer.com/media/products/PIS/Asian Paints/Paint/Exterior 
Paint/Texture/apex-duracast-swirltex.pdf",2026-02-24
"https://homeglazer.com/media/products/PIS/Asian Paints/Paint/Exterior 
Paint/Economy/ace-pis.pdf",2026-02-24
"https://homeglazer.com/media/products/PIS/Asian Paints/Paint/Interior 
Paint/Premium/Apcolite-Premium-Emulsion.pdf",2026-02-24
"https://homeglazer.com/media/products/PIS/Asian Paints/Paint/Interior 
Paint/Economy/Aqualock.pdf",2026-02-24
"https://homeglazer.com/media/products/PIS/Asian Paints/Paint/Interior 
Paint/Luxury/Royale-Glitz-Ultra-Matt.pdf",2026-02-24
"https://homeglazer.com/media/products/PIS/Asian Paints/Paint/Interior 
Paint/Texture/royale-play-safari-paint.pdf",2026-02-24
"https://homeglazer.com/media/products/PIS/Asian Paints/Paint/Exterior 
Paint/Ultima/AP_Apex_Ultima_Protek_PIS.pdf",2026-02-24
"https://homeglazer.com/media/products/PIS/Asian Paints/Paint/Interior 
Paint/Texture/royale-play-dune.pdf",2026-02-24
"https://homeglazer.com/media/products/PIS/Asian Paints/Paint/Exterior 
Paint/Texture/apex-ultima-allura-venezio.pdf",2026-02-24
"https://homeglazer.com/media/products/PIS/Asian Paints/Paint/Exterior 
Paint/Texture/pis-Pebbletex.pdf",2026-02-24
"https://homeglazer.com/media/products/PIS/Asian Paints/Paint/Interior 
Paint/Luxury/Royale-Glitz-Reserv.pdf",2026-02-24
"https://homeglazer.com/media/products/PIS/Asian Paints/Paint/Interior 
Paint/Texture/2025_06_30_17_41_21_archi-concrete_2025-06-30-17-41-26_d98340adc387d7e0eaf7389ac83ebac7.pdf",2026-02-24
"https://homeglazer.com/media/products/PIS/Asian Paints/Paint/Exterior 
Paint/Economy/ace-sparc-shyne.pdf",2026-02-24
"https://homeglazer.com/media/products/PIS/Asian Paints/Paint/Interior 
Paint/Texture/royale-play-infinitex.pdf",2026-02-24
"https://homeglazer.com/media/products/PIS/Asian Paints/Paint/Exterior 
Paint/Economy/ace-power-plus.pdf",2026-02-24
"https://homeglazer.com/media/products/PIS/Asian Paints/Paint/Interior 
Paint/Economy/Tractor-Emulsion-PIS.pdf",2026-02-24
"https://homeglazer.com/media/products/PIS/Asian Paints/Paint/Exterior 
Paint/Economy/neobharat-latex-new.pdf",2026-02-24
"https://homeglazer.com/media/products/PIS/Asian Paints/Paint/Interior 
Paint/Economy/Tractor-Sparc-Ultraa.pdf",2026-02-24
"https://homeglazer.com/media/products/PIS/Asian Paints/Paint/Interior 
Paint/Economy/Tractor-Emulsion-Shyne-Advanced-PIS.pdf",2026-02-24
"https://homeglazer.com/media/products/PIS/Asian Paints/Paint/Interior 
Paint/Economy/tractor-uno.pdf",2026-02-24
"https://homeglazer.com/media/products/PIS/Asian Paints/Paint/Interior 
Paint/Luxury/Royale-Shyne-Advanced-Luxury-Emulsion-PIS.pdf",2026-02-24
"https://homeglazer.com/media/products/PIS/Asian Paints/Paint/Exterior 
Paint/Economy/ace-shyne.pdf",2026-02-24
https://homeglazer.com/40376250302.htm,2026-02-24
"https://homeglazer.com/media/products/PIS/Asian Paints/Paint/Exterior 
Paint/Premium/Apex-Advanced-Dust-Proof-Updated-PIS (1).pdf",2026-02-24
"https://homeglazer.com/media/products/PIS/Asian Paints/Paint/Exterior 
Paint/Premium/Apex-Shyne-advanced-Dust-proof-PIS.pdf",2026-02-24
"https://homeglazer.com/media/products/PIS/Asian Paints/Paint/Interior 
Paint/Economy/Tractor-Sparc.pdf",2026-02-24
"https://homeglazer.com/media/products/PIS/Asian Paints/Paint/Exterior 
Paint/Premium/apex-dust-proof-pis.pdf",2026-02-24
"https://homeglazer.com/media/products/PIS/Asian Paints/Paint/Interior 
Paint/Luxury/Royale-Advanced-Luxury-Emulsion.pdf",2026-02-24
"https://homeglazer.com/media/products/PIS/Asian Paints/Paint/Exterior 
Paint/Premium/apexfloorguard-new-pis.pdf",2026-02-24
"https://homeglazer.com/media/products/PIS/Asian Paints/Paint/Exterior 
Paint/Texture/Apex-EzyTex.pdf",2026-02-24
https://homeglazer.com/tag/asian-paints-exterior-paints/feed,2026-02-24
https://homeglazer.com/77995115652.htm,2026-02-24
https://www.homeglazer.com/38717221001.htm,2026-02-24
https://www.homeglazer.com/tag/oil-bound-distemper-paint,2026-02-24
https://homeglazer.com/category/wood-coating/page/1/,2026-02-24
https://homeglazer.com/painting-contractor-in-delhi-painters-in-delhi,2026-02-24
https://homeglazer.com/asian-paints-vs-dulux-velvet-touch-pearl-glo,2026-02-24
https://homeglazer.com/6-gorgeous-innovative-oikos-texture-paint-design,2026-02-24
https://homeglazer.com/6-asian-paint-pu-emporio-gold-features,2026-02-24
https://homeglazer.com/reason-why-texture-paint-costs-more-normal-paint,2026-02-24
https://homeglazer.com/5-tips-to-maintain-pu-paint-valauble,2026-02-24
https://homeglazer.com/how-for-paint-job-quality-finish,2026-02-24
https://homeglazer.com/tag/5-reasons-why-italian-pu-is-more-popular-than-the-indian-pu,2026-02-24
https://homeglazer.com/what-is-the-best-time-to-paint-your-office-office-painting,2026-02-24
https://homeglazer.com/what-is-the-best-time-to-paint-your-office-office-painting/,2026-02-24
https://homeglazer.com/6-steps-to-restore-pu-polish-chipping,2026-02-24
https://homeglazer.com/5-asian-paint-dune-texture-benefits,2026-02-24
https://homeglazer.com/best-colour-combinations-for-office-spaces/,2026-02-24
https://homeglazer.com/category/paint-product/page/4,2026-02-24
https://www.homeglazer.com/tag/asian-paints-exterior-paints/feed,2026-02-24
https://homeglazer.com/4-benefits-of-polishing-your-wooden-furniture,2026-02-24
https://homeglazer.com/colour-combination-ideas-for-exterior-of-houses-exterior-painter-near-me,2026-02-24
https://homeglazer.com/about-us,2026-02-24
https://homeglazer.com/about-us/,2026-02-24
https://www.homeglazer.com/tag/polyurethane-paint/feed,2026-02-24
https://homeglazer.com/58693105481.htm,2026-02-24
https://homeglazer.com/why-primer-is-important-before-painting,2026-02-24
https://www.homeglazer.com/difference-between-gloss-enamel-paint-and-satin-enamel-paint,2026-02-24
https://www.homeglazer.com/tag/aisan-paints-apcolite-premium-emulsion,2026-02-24
https://www.homeglazer.com/carpentry-services-skilled-carpenter-contractor-for-home-and-office/,2026-02-24
https://www.homeglazer.com/wallpaper-painting/,2026-02-24
https://www.homeglazer.com/wood-polishing-2/,2026-02-24
https://homeglazer.com/stencil-painting-services,2026-02-24
https://homeglazer.com/stencil-painting-services/,2026-02-24
https://www.homeglazer.com/latest-asian-paints-texture-designs-living-room,2026-02-24
https://www.homeglazer.com/5-restore-polyester-polish-chipping-steps,2026-02-24
https://homeglazer.com/why-you-should-hire-professional-painters/,2026-02-24
https://homeglazer.com/38717216566.htm,2026-02-24
https://www.homeglazer.com/40376239767.htm,2026-02-24
https://www.homeglazer.com/what-is-the-best-time-to-paint-your-house-skilled-painters-in-delhi,2026-02-24
https://www.homeglazer.com/9305092925.htm,2026-02-24
https://homeglazer.com/professional-painting-process-the-method/?nonamp=1,2026-02-24
https://homeglazer.com/40376156028.htm,2026-02-24
https://homeglazer.com/8-points-to-consider-in-wood-polish-quotation,2026-02-24
https://www.homeglazer.com/4037617924.htm,2026-02-24
https://homeglazer.com/texture-painting-services,2026-02-24
https://homeglazer.com/texture-painting-services/,2026-02-24
http://homeglazer.com/professional-painting-process-the-method/,2026-02-24
https://homeglazer.com/77995230801.htm,2026-02-24
https://homeglazer.com/carpentry,2026-02-24
https://homeglazer.com/7799574367.htm,2026-02-23
https://homeglazer.com/what-is-the-best-time-to-paint-your-office-office-painting-time?nonamp=1,2026-02-23
https://homeglazer.com/tips-to-maintain-pu-paint-finish-matt-high-gloss,2026-02-23
https://homeglazer.com/5-acro-paints-by-jk-paints-feature,2026-02-23
https://www.homeglazer.com/category/decor-idea/page/3/,2026-02-23
https://homeglazer.com/colour-combination-ideas-for-exterior-of-houses,2026-02-23
https://homeglazer.com/asian-paints-royale-matt-vs-shyne-luxury,2026-02-23
https://homeglazer.com/professional-painting-process-the-method/.html,2026-02-23
https://www.homeglazer.com/tips-from-home-glazer-for-maintenance-of-duco-paint-furniture,2026-02-23
https://homeglazer.com/colour-combination-ideas-for-exterior-of-houses-exterior-painter-near-me/,2026-02-23
https://www.homeglazer.com/vibrant-colour-combination-for-your-kids-room-to-decorate-kids-space/,2026-02-23
https://www.homeglazer.com/asian-paints-apex-paint-and-apex-ultima?nonamp=1,2026-02-23
https://homeglazer.com/colour-combination-ideas-for-exterior-of-houses-exterior-painter-near-me?nonamp=1,2026-02-23
https://homeglazer.com/difference-between-asian-piants-ace-paint-and-asian-paints-apex-paint,2026-02-23
https://www.homeglazer.com/10-best-colours-to-paint-your-exterior-walls-painting/1000,2026-02-23
https://www.homeglazer.com/reasons-to-choose-pu-paint-over-duco-paint/,2026-02-23
https://homeglazer.com/painting-and-wood-coating-blog/7,2026-02-23
https://homeglazer.com/38717238272.htm,2026-02-23
https://homeglazer.com/ica-pu-paint-ica-pu-polish-italian-wood-finish,2026-02-23
https://www.homeglazer.com/professional-painting-process-the-method-painting-contractor-near-me?nonamp=1,2026-02-23
http://homeglazer.com/how-to-restore-wooden-furniture,2026-02-23
https://homeglazer.com/category/decor-idea/page/3,2026-02-23
https://homeglazer.com/sirca-pu-paint-pu-polish-your-italian-autograph,2026-02-23
https://www.homeglazer.com/5-points-texture-painting-professional-near-you,2026-02-23
https://homeglazer.com/10-best-colours-to-paint-your-exterior-walls-painting/,2026-02-23
https://www.homeglazer.com/painting-and-wood-coating-blog/6/,2026-02-23
https://homeglazer.com/asian-paints-apex-paint-and-apex-ultima,2026-02-23
https://www.homeglazer.com/asian-paints-royale-luxury-emulsion-vs-dulux-velvet-touch-pearl-glo,2026-02-23
https://www.homeglazer.com/what-to-consider-while-selecting-a-good-painting-contractor-in-delhi/,2026-02-23
https://www.homeglazer.com/why-you-should-hire-professional-painters-house-painting-service-near-me/1000,2026-02-23
https://www.homeglazer.com/what-is-the-best-time-to-paint-your-office-office-painting-time/,2026-02-23
https://www.homeglazer.com/wow-one-day/?amp,2026-02-23
https://www.homeglazer.com/trending-colours-for-office-painting/,2026-02-23
https://www.homeglazer.com/why-you-should-hire-,2026-02-23
https://www.homeglazer.com/how-to-restore-wooden-furniture-polish/,2026-02-23
http://homeglazer.com/how-painters-paint-a-room-the-painting-process,2026-02-23
https://homeglazer.com/how-painters-paint-a-room-the-painting-process,2026-02-23
https://www.homeglazer.com/carpentry/,2026-02-23
https://www.homeglazer.com/tag/difference-between-sirca-italian-and-unico-pu-coating-by-sirca/feed,2026-02-23
https://homeglazer.com/category/paint-product/page/3,2026-02-23
https://www.homeglazer.com/tag/bedroom-colour-ideas,2026-02-23
https://www.homeglazer.com/what-is-graffiti-painting/1000,2026-02-23
https://homeglazer.com/category/house-painting-ideas/page/3,2026-02-23
https://homeglazer.com/10100129700.htm,2026-02-23
https://homeglazer.com/wow-per-day-painting-services/,2026-02-23
https://www.homeglazer.com/allwood-italian-pu-coating-by-aditya-birla/2,2026-02-23
https://www.homeglazer.com/what-is-the-best-time-to-paint-your-office-office-painting-time/1000,2026-02-23
https://homeglazer.com/trending-colours-for-office-painting-office-colour-combination?nonamp=1,2026-02-23
https://homeglazer.com/trending-colours-for-office-painting-office-colour-combination?nonamp=1/,2026-02-23
https://homeglazer.com/wow-per-day,2026-02-23
http://homeglazer.com/what-to-consider-while-selecting-a-good-painting-contractor-in-delhi,2026-02-23
https://homeglazer.com/what-to-consider-while-selecting-a-good-painting-contractor-in-delhi,2026-02-23
http://www.homeglazer.com/which-shade,2026-02-22
https://www.homeglazer.com/wood-polishing-2,2026-02-22
https://homeglazer.com/services,2026-02-22
https://homeglazer.com/tag/paint-a-room,2026-02-22
https://www.homeglazer.com/weather-elements-for-selecting-exterior-paint,2026-02-22
https://homeglazer.com/asian-paints-tractor-emulsion-vs-apcolite-premium-emulsion,2026-02-22
https://homeglazer.com/gloss-enamel-paint-and-satin-enamel-paint,2026-02-22
https://homeglazer.com/5-distemper-paint-benefits,2026-02-22
https://homeglazer.com/category/wood-coating/page/1,2026-02-22
https://homeglazer.com/when-you-should-paint-your-house-time-for-house-painting,2026-02-22
https://www.homeglazer.com/know-everything-about-pu-paint-and-pu-polish-polyurethane-polish?nonamp=1,2026-02-22
https://homeglazer.com/85555241530.htm,2026-02-22
https://www.homeglazer.com/tag/wooden-polish,2026-02-22
https://homeglazer.com/distemper-paint-and-tractor-emulsion-paint,2026-02-22
https://homeglazer.com/what-are-the-types-of-exterior-paint,2026-02-22
https://www.homeglazer.com/trending-colours-for-office-painting-office-colour-combination/,2026-02-22
https://homeglazer.com/carpentry/,2026-02-22
https://homeglazer.com/types-of-paints,2026-02-22
https://homeglazer.com/how-to-find-good-painting-contractor-in-delhi-for-house-painting,2026-02-22
https://homeglazer.com/know-all-about-polyester-polish,2026-02-22
https://homeglazer.com/how-many-paint-coats-are-essential-for-a-better-finish-painting-coat,2026-02-22
https://homeglazer.com/which-shade-goes-perfect-for-wood-polish-polisher-near-me?nonamp=1,2026-02-22
https://www.homeglazer.com/586935383.htm,2026-02-22
https://www.homeglazer.com/5-latest-texture-design-for-the-walls,2026-02-22
https://www.homeglazer.com/6-way-to-find-the-texture-painting-professionals,2026-02-22
https://www.homeglazer.com/which-shade-goes-perfect-for-wood-polish-polisher-near-me/,2026-02-22
https://homeglazer.com/painting-your-house-important-best-home-painting,2026-02-22
https://www.homeglazer.com/best-colour-combination-for-kitchen-walls-and-cabinets/,2026-02-22
https://www.homeglazer.com/which-shade-goes-perfect-for-wood-polish-polisher-near-me/1000,2026-02-22
https://www.homeglazer.com/5-important-dos-for-the-use-of-wood-stain,2026-02-22
https://homeglazer.com/a-complete-guide-indigo-floor-paint,2026-02-22
https://www.homeglazer.com/wood-solutions/,2026-02-22
https://homeglazer.com/category/paint-industry-news/page/3,2026-02-22
https://www.homeglazer.com/5-asian-paints-wood-stain,2026-02-22
https://www.homeglazer.com/5-reasons-italian-pu-is-more-popular-than-indian-pu,2026-02-22
https://www.homeglazer.com/what-are-the-types-of-exterior-paint/?nonamp=1,2026-02-22
https://homeglazer.com/6-brands-for-melamine-polish,2026-02-22
https://homeglazer.com/category/paint-industry-news,2026-02-22
https://www.homeglazer.com/how-many-paint-coats-are-essential-for-a-better-finish-painting-coat/,2026-02-22
https://homeglazer.com/difference-between-pu-gloss-polyester-coatings/,2026-02-22
https://www.homeglazer.com/6-brands-for-melamine-polish,2026-02-22
https://homeglazer.com/5-pu-matt-finish-and-high-gloss-finish,2026-02-22
https://www.homeglazer.com/wow-one-day,2026-02-22
https://homeglazer.com/wood-polishing-2/,2026-02-22
https://homeglazer.com/58693141381.htm,2026-02-22
https://www.homeglazer.com/5-charmwood-pu-and-pu-emporio-difference,2026-02-22
https://homeglazer.com/things-to-avoid-while-painting-your-home/,2026-02-22
http://homeglazer.com/best-colour-combinations-for-office-spaces/,2026-02-22
https://www.homeglazer.com/pu-paint-pu-polish-application-process-pu-coating-process/1000,2026-02-22
https://homeglazer.com/category/wood-coating/?amp,2026-02-22
https://homeglazer.com/77995153279.htm,2026-02-22
https://www.homeglazer.com/vastu-shastra-colours?nonamp=1,2026-02-22
https://www.homeglazer.com/paint-coats-for-better-finish-painting-coat?nonamp=1,2026-02-22
https://www.homeglazer.com/asian-paints-tractor-emulsion-vs-asian-paints-apcolite-premium-emulsion/,2026-02-22
https://www.homeglazer.com/vastu-colours-colours-for-a-home-based-on-vastu-shastra/,2026-02-22
https://www.homeglazer.com/10-best-colour-combinations-for-your-living-room-living-area-shades/,2026-02-22
https://www.homeglazer.com/some-popular-and-good-brands-for-pu-paint-pu-polish-products,2026-02-22
https://www.homeglazer.com/sirca-italian-pu-coating-vs-unico-pu-coating/2,2026-02-22
https://www.homeglazer.com/types-of-paints?nonamp=1,2026-02-22
https://www.homeglazer.com/some-best-colour-for-front-door-painters-in-delhi-ncr,2026-02-22
https://www.homeglazer.com/some-best-colour-for-front-door-painters-in-delhi-ncr/,2026-02-22
https://www.homeglazer.com/difference-between-distemper-paint-and-tractor-emulsion-paint-price-and-types/,2026-02-21
http://www.homeglazer.com/know-about-plastic,2026-02-21
https://homeglazer.com/6-amazing-tips-to-maintain-duco-paint-surface,2026-02-21
https://www.homeglazer.com/how-to-paint-a-newly-built-house-the-first-time-painting,2026-02-21
https://homeglazer.com/duco-paint-furniture-maintenance-tips,2026-02-21
https://www.homeglazer.com/5-reasons-why-italian-pu-is-more-popular,2026-02-21
https://www.homeglazer.com/7-difference-between-melamine-and-pu-polish,2026-02-21
https://homeglazer.com/10-best-colour-combinations-for-your-living-room-living-area-shades?nonamp=1,2026-02-21
https://www.homeglazer.com/best-colour-combination-for-the-newly-married-couple,2026-02-21
https://www.homeglazer.com/best-colour-combination-for-the-newly-married-couple/,2026-02-21
https://www.homeglazer.com/know-all-about-wall-putty-importance-types-price-of-wall-putty/,2026-02-21
https://homeglazer.com/wood-polishing-2,2026-02-21
https://homeglazer.com/colour-combination-ideas-for-exterior-of-houses/,2026-02-21
https://www.homeglazer.com/carpenters-craftsmen-turn-imagination-into-reality,2026-02-21
https://homeglazer.com/what-is-graffiti-painting?nonamp=1,2026-02-21
https://www.homeglazer.com/why-should-landlord-paint-their-property-before-giving-it-on-rent,2026-02-21
http://www.homeglazer.com/how-to-use-a-paintbrush-painting-brush-use-of-paintbrush/,2026-02-21
https://homeglazer.com/10-best-colour-combinations-for-your-living-room-living-area-shades/,2026-02-21
https://www.homeglazer.com/10-best-colour-combinations-for-your-living-room-living-area-shades/?nonamp=1,2026-02-21
https://homeglazer.com/graffiti-painting,2026-02-21
https://www.homeglazer.com/professional-painting-process-the-method-painting-contractor-near-me/,2026-02-21
https://www.homeglazer.com/author/338bf8f60f3fe2b1,2026-02-21
https://homeglazer.com/carpentry-services-skilled-carpenter-contractor-for-home-and-office/,2026-02-21
https://homeglazer.com/4037620038.htm,2026-02-21
https://www.homeglazer.com/types-of-paint-what-all-are-types-of-paints-for-interior-and-exterior-walls,2026-02-21
https://homeglazer.com/graffiti,2026-02-21
https://homeglazer.com/graffiti/,2026-02-21
https://homeglazer.com/know-all-about-wall-putty,2026-02-21
https://www.homeglazer.com/10-best-colour-,2026-02-21
https://www.homeglazer.com/difference-between-,2026-02-21
https://www.homeglazer.com/know-all-about-polyester-polish-polyester-coating-buffing-process,2026-02-21
https://www.homeglazer.com/know-all-about-polyester-polish-polyester-coating-buffing-process/,2026-02-21
https://www.homeglazer.com/difference-between-duco-paint-and-pu-paint/1000,2026-02-21
https://homeglazer.com/best-asian-paints-white-shade-for-home-interiors,2026-02-21
https://www.homeglazer.com/what-are-the-types-of-exterior-paint/,2026-02-21
https://homeglazer.com/7799547516.htm,2026-02-21
https://www.homeglazer.com/10-best-colours-to-paint-your-exterior-walls-painting/,2026-02-21
https://homeglazer.com/professional-painting-process-the-method?nonamp=1,2026-02-21
https://www.homeglazer.com/why-painting-your-home-is-important-best-house-painting-services,2026-02-21
https://homeglazer.com/how-to-restore-wooden-furniture-polish/,2026-02-21
https://homeglazer.com/85555223878.htm,2026-02-21
https://homeglazer.com/duco-paint-and-pu-paint-similarities-differences-duco-vs-pu,2026-02-21
https://homeglazer.com/52192211744.htm,2026-02-21
https://homeglazer.com/40376299829.htm,2026-02-21
https://homeglazer.com/6-way-oikos-texture-paint-can-upgrade-interior,2026-02-21
https://homeglazer.com/52192255668.htm,2026-02-21
https://homeglazer.com/52192173697.htm,2026-02-21
https://homeglazer.com/tag/spray-polish,2026-02-21
https://homeglazer.com/77995236762.htm,2026-02-21
https://homeglazer.com/7799552629.htm,2026-02-21
https://homeglazer.com/1010033100.htm,2026-02-21
https://www.homeglazer.com/difference-between-asia,2026-02-21
https://homeglazer.com/what-are-the-types-of-exterior-paint?nonamp=1,2026-02-21
https://homeglazer.com/63432311747.htm,2026-02-21
https://homeglazer.com/what-are-the-types-of-exterior-paint/?nonamp=1,2026-02-21
https://homeglazer.com/10100223120.htm,2026-02-21
https://homeglazer.com/common-painting-mistakes-while-painting-your-home,2026-02-21
https://homeglazer.com/what-are-the-types-of-exterior-paint/,2026-02-21
https://www.homeglazer.com/trending-colour-for-house-painting-house-painters-near-me/,2026-02-21
https://www.homeglazer.com/oikos-paints-acquired-by-sirca-paints,2026-02-21
https://www.homeglazer.com/melamine-polish-coating-process-best-melamine-polisher/,2026-02-21
https://homeglazer.com/wow-one-day-painting-services/,2026-02-21
https://homeglazer.com/77995279980.htm,2026-02-21
https://homeglazer.com/58693213953.htm,2026-02-21
https://www.homeglazer.com/how-painters-paint-a-room-the-painting-process/1000,2026-02-21
https://www.homeglazer.com/what-is-the-plastic-paint-what-are-its-types-and-price-of-plastic-paint/,2026-02-21
https://www.homeglazer.com/how-to-paint-a-room/,2026-02-21
https://homeglazer.com/8555551800.htm,2026-02-21
https://homeglazer.com/10-best-colours-to-paint-your-exterior-walls-painting,2026-02-20
https://homeglazer.com/58693207764.htm,2026-02-20
https://www.homeglazer.com/difference-betwe,2026-02-20
https://www.homeglazer.com/why-painting-your-home-is-important-best-house-painting-services/,2026-02-20
https://www.homeglazer.com/difference-between-asian-piants-ace-paint-and-asian-paints-apex-paint/,2026-02-20
https://homeglazer.com/38717271783.htm,2026-02-20
https://homeglazer.com/how-to-paint-or-repaint-a-room/,2026-02-20
https://www.homeglazer.com/know-everything-about-pu-paint-and-pu-polish-polyurethane-polish/,2026-02-20
https://www.homeglazer.com/why-should-landlord-paint-their-property-before-giving-it-on-rent/,2026-02-20
https://www.homeglazer.com/know-about-plastic-paint-what-are-its-type-and-price-of-plastic-paint,2026-02-20
http://homeglazer.com/difference-between-pu-gloss-polyester-coatings/,2026-02-20
https://www.homeglazer.com/know-everything-about-pu-paint-and-pu-polish-polyurethane-polish/1000,2026-02-20
https://homeglazer.com/painting-process-to-paint-a-newly-built-house,2026-02-20
https://www.homeglazer.com/know-everything-about-pu-paint-and-pu-polish-polyurethane-polish/?nonamp=1,2026-02-20
https://www.homeglazer.com/how-painters-paint-a-room-the-painting-process/,2026-02-20
https://www.homeglazer.com/asian-paints-royale-matt-vs-asian-paints-royale-shyne-luxury-emulsion,2026-02-20
https://www.homeglazer.com/asian-paints-apcolite-premium-emulsion-vs-dulux-supercover-premium-emulsion,2026-02-20
https://homeglazer.com/77995199399.htm,2026-02-20
https://homeglazer.com/professional-painting-process-the-method-painting-contractor-near-me/?nonamp=1,2026-02-20
https://homeglazer.com/professional-painting-process-the-method-painting-contractor-near-me?nonamp=1,2026-02-20
https://www.homeglazer.com/6-amazing-tips-to-maintain-duco-paint,2026-02-20
https://www.homeglazer.com/5-pu-matte-finish-and-high-gloss-finish,2026-02-20
https://www.homeglazer.com/know-everything-about-pu-paint-and-pu-polish-polyurethane-polish?nonamp=1/,2026-02-20
https://homeglazer.com/know-everything-about-pu-paint-and-pu-polish-polyurethane-polish/,2026-02-20
https://www.homeglazer.com/difference-between-duco-paint-and-pu-paint/,2026-02-20
https://www.homeglazer.com/know-everything-about-pu,2026-02-20
https://www.homeglazer.com/difference-between-water-based-enamel-paint-and-oil-based-enamel-paint/,2026-02-20
https://homeglazer.com/asian-paints-apex-paint-and-apex-ultima?nonamp=1,2026-02-20
https://homeglazer.com/difference-between-duco-paint-and-pu-paint/,2026-02-20
https://www.homeglazer.com/what-are-the-different-types-of-polish-finishes-for-wood,2026-02-20
https://homeglazer.com/category/texture-paint,2026-02-20
https://www.homeglazer.com/lessons-from-the-colours-of-the-indian-flag-for-home-decor,2026-02-20
https://homeglazer.com/know-everything-about-pu-paint-and-pu-polish-polyurethane-polish?nonamp=1,2026-02-20
https://homeglazer.com/9-obd-and-distemper-paint-key-difference,2026-02-20
https://homeglazer.com/colours-of-the-indian-flag-for-home-decor,2026-02-20
https://www.homeglazer.com/5-oikos-ottocento-texture-paint-features,2026-02-20
https://homeglazer.com/types-of-paints?nonamp=1,2026-02-20
https://www.homeglazer.com/asian-paints-tractor-emulsion-vs-asian-paints-apcolite-premium-emulsion,2026-02-20
https://homeglazer.com/melamine-polish-coating-process-best-melamine-polisher/,2026-02-20
https://homeglazer.com/how-painters-paint-a-room-the-painting-process?nonamp=1,2026-02-20
https://www.homeglazer.com/difference-between-asian-paints-apex-paint-and-apex-ultima,2026-02-20
https://www.homeglazer.com/difference-between-pu-gloss-polyester-coatings,2026-02-20
https://www.homeglazer.com/melamine-polish-coating-process-best-melamine-polisher/1000,2026-02-20
https://www.homeglazer.com/difference-between-1k-pu-polish-2k-pu-polish/1000,2026-02-20
https://www.homeglazer.com/6-trending-texture-design-for-living-room,2026-02-20